Dataset	Master Nodes	Core	Runtime_1	Runtime_2	Runtime_3	Mean	Std
1M	1	1	50.93423561	46.43245601	43.76545546	46.95202205	3.623311572
4M	1	1	191.3916109	193.342346	192.3453221	192.3581109	0.975447711
4M	1	3	72.45356632	70.43256787	69.45643211	70.76990077	1.528620797